index,input_text,language,actual_label,predicted_label,correct,latency_seconds,input_tokens,output_tokens,json_validity,schema_compliance,failure_count,retry_count,request_cost
1,ഹായ് എസി,Malayalam,greeting,greeting,True,2.969422,2,75,True,True,0,0,0.0
2,ഹലോ എസി,Malayalam,greeting,greeting,True,3.216363,2,75,True,True,0,0,0.0
3,നമസ്കാരം എസി,Malayalam,greeting,greeting,True,1.859786,3,75,True,True,0,0,0.0
4,ഹായ് ഫാൻ,Malayalam,greeting,greeting,True,3.448122,2,75,True,True,0,0,0.0
5,ഹലോ ഫാൻ,Malayalam,greeting,greeting,True,3.177557,2,75,True,True,0,0,0.0
6,നമസ്കാരം ഫാൻ,Malayalam,greeting,greeting,True,3.390813,3,75,True,True,0,0,0.0
7,ഹായ് ലൈറ്റ്,Malayalam,greeting,greeting,True,3.428900,3,75,True,True,0,0,0.0
8,ഹലോ ലൈറ്റ്,Malayalam,greeting,greeting,True,2.035174,3,75,True,True,0,0,0.0
9,നമസ്കാരം ലൈറ്റ്,Malayalam,greeting,greeting,True,3.131698,4,75,True,True,0,0,0.0
10,ഹായ് ടിവി,Malayalam,greeting,greeting,True,1.884066,3,75,True,True,0,0,0.0
11,ഹലോ ടിവി,Malayalam,greeting,greeting,True,2.648159,2,75,True,True,0,0,0.0
12,നമസ്കാരം ടിവി,Malayalam,greeting,greeting,True,3.562460,4,75,True,True,0,0,0.0
13,ഹായ് 47,Malayalam,greeting,greeting,True,1.835204,2,75,True,True,0,0,0.0
14,ഹലോ 47,Malayalam,greeting,greeting,True,2.599132,2,75,True,True,0,0,0.0
15,നമസ്കാരം 47,Malayalam,greeting,greeting,True,3.053724,3,75,True,True,0,0,0.0
16,ഹായ് ഡിവൈസ് 47,Malayalam,greeting,greeting,True,3.408064,4,75,True,True,0,0,0.0
17,ഹലോ ഡിവൈസ് 47,Malayalam,greeting,greeting,True,2.306691,4,75,True,True,0,0,0.0
18,നമസ്കാരം ഡിവൈസ് 47,Malayalam,greeting,greeting,True,2.180725,5,75,True,True,0,0,0.0
19,ഹായ് രാജ് ഫാൻ,Malayalam,greeting,greeting,True,3.242915,4,75,True,True,0,0,0.0
20,ഹലോ രാജ് ഫാൻ,Malayalam,greeting,greeting,True,3.580414,3,75,True,True,0,0,0.0
21,നമസ്കാരം രാജ് ഫാൻ,Malayalam,greeting,greeting,True,2.389935,5,75,True,True,0,0,0.0
22,ഹായ് അനിൽ എസി,Malayalam,greeting,greeting,True,3.025796,4,75,True,True,0,0,0.0
23,ഹലോ അനിൽ എസി,Malayalam,greeting,greeting,True,2.673929,3,75,True,True,0,0,0.0
24,നമസ്കാരം അനിൽ എസി,Malayalam,greeting,greeting,True,2.858909,5,75,True,True,0,0,0.0
25,ഹായ് രാഹുൽ ലൈറ്റ്,Malayalam,greeting,greeting,True,1.855574,5,75,True,True,0,0,0.0
26,ഹലോ രാഹുൽ ലൈറ്റ്,Malayalam,greeting,greeting,True,2.761048,4,75,True,True,0,0,0.0
27,നമസ്കാരം രാഹുൽ ലൈറ്റ്,Malayalam,greeting,greeting,True,2.264934,6,75,True,True,0,0,0.0
28,ഹായ് ബെഡ്റൂം എസി,Malayalam,greeting,greeting,True,3.713323,4,75,True,True,0,0,0.0
29,ഹലോ ബെഡ്റൂം എസി,Malayalam,greeting,greeting,True,2.371154,4,75,True,True,0,0,0.0
30,നമസ്കാരം ബെഡ്റൂം എസി,Malayalam,greeting,greeting,True,2.389043,5,75,True,True,0,0,0.0
31,ഹായ് ഹാൾ ഫാൻ,Malayalam,greeting,greeting,True,3.282150,3,75,True,True,0,0,0.0
32,ഹലോ ഹാൾ ഫാൻ,Malayalam,greeting,greeting,True,2.913211,3,75,True,True,0,0,0.0
33,നമസ്കാരം ഹാൾ ഫാൻ,Malayalam,greeting,greeting,True,1.916115,4,75,True,True,0,0,0.0
34,ഹായ് കിച്ചൻ ലൈറ്റ്,Malayalam,greeting,greeting,True,2.439562,5,75,True,True,0,0,0.0
35,ഹലോ കിച്ചൻ ലൈറ്റ്,Malayalam,greeting,greeting,True,2.931776,5,75,True,True,0,0,0.0
36,നമസ്കാരം കിച്ചൻ ലൈറ്റ്,Malayalam,greeting,greeting,True,2.521159,6,75,True,True,0,0,0.0
37,ഹായ് സ്മാർട്ട് എസി,Malayalam,greeting,greeting,True,2.309659,5,75,True,True,0,0,0.0
38,ഹലോ സ്മാർട്ട് എസി,Malayalam,greeting,greeting,True,2.074918,5,75,True,True,0,0,0.0
39,നമസ്കാരം സ്മാർട്ട് എസി,Malayalam,greeting,greeting,True,1.927697,6,75,True,True,0,0,0.0
40,ഹായ് സ്മാർട്ട് ഫാൻ,Malayalam,greeting,greeting,True,2.785850,5,75,True,True,0,0,0.0
41,ഹലോ സ്മാർട്ട് ഫാൻ,Malayalam,greeting,greeting,True,3.774224,5,75,True,True,0,0,0.0
42,നമസ്കാരം സ്മാർട്ട് ഫാൻ,Malayalam,greeting,greeting,True,3.620298,6,75,True,True,0,0,0.0
43,ഹായ് എസി 1,Malayalam,greeting,greeting,True,2.229248,3,75,True,True,0,0,0.0
44,ഹലോ എസി 1,Malayalam,greeting,greeting,True,1.859546,3,75,True,True,0,0,0.0
45,നമസ്കാരം എസി 1,Malayalam,greeting,greeting,True,2.388782,4,75,True,True,0,0,0.0
46,ഹായ് ഫാൻ 2,Malayalam,greeting,greeting,True,2.914717,3,75,True,True,0,0,0.0
47,ഹലോ ഫാൻ 2,Malayalam,greeting,greeting,True,2.582730,3,75,True,True,0,0,0.0
48,നമസ്കാരം ഫാൻ 2,Malayalam,greeting,greeting,True,2.991899,4,75,True,True,0,0,0.0
49,ഹായ് ലൈറ്റ് 3,Malayalam,greeting,greeting,True,2.506222,4,75,True,True,0,0,0.0
50,ഹലോ ലൈറ്റ് 3,Malayalam,greeting,greeting,True,3.648829,3,75,True,True,0,0,0.0
51,നമസ്കാരം ലൈറ്റ് 3,Malayalam,greeting,greeting,True,1.965236,5,75,True,True,0,0,0.0
52,ഹായ് അരുണ്‍ എസി,Malayalam,greeting,greeting,True,3.775085,4,75,True,True,0,0,0.0
53,ഹലോ അരുണ്‍ എസി,Malayalam,greeting,greeting,True,2.545408,4,75,True,True,0,0,0.0
54,നമസ്കാരം അരുണ്‍ എസി,Malayalam,greeting,greeting,True,2.739556,5,75,True,True,0,0,0.0
55,ഹായ് വിജയ് ഫാൻ,Malayalam,greeting,greeting,True,2.223891,4,75,True,True,0,0,0.0
56,ഹലോ വിജയ് ഫാൻ,Malayalam,greeting,greeting,True,2.564956,4,75,True,True,0,0,0.0
57,നമസ്കാരം വിജയ് ഫാൻ,Malayalam,greeting,greeting,True,3.168632,5,75,True,True,0,0,0.0
58,ഹായ് സുനിൽ ലൈറ്റ്,Malayalam,greeting,greeting,True,2.720992,5,75,True,True,0,0,0.0
59,ഹലോ സുനിൽ ലൈറ്റ്,Malayalam,greeting,greeting,True,1.964179,4,75,True,True,0,0,0.0
60,നമസ്കാരം സുനിൽ ലൈറ്റ്,Malayalam,greeting,greeting,True,2.799643,6,75,True,True,0,0,0.0
61,ഹായ് മൈ എസി,Malayalam,greeting,greeting,True,2.456777,3,75,True,True,0,0,0.0
62,ഹലോ മൈ എസി,Malayalam,greeting,greeting,True,2.046027,3,75,True,True,0,0,0.0
63,നമസ്കാരം മൈ എസി,Malayalam,greeting,greeting,True,2.496638,4,75,True,True,0,0,0.0
64,ഹായ് മൈ ഫാൻ,Malayalam,greeting,greeting,True,3.100887,3,75,True,True,0,0,0.0
65,ഹലോ മൈ ഫാൻ,Malayalam,greeting,greeting,True,3.799386,3,75,True,True,0,0,0.0
66,നമസ്കാരം മൈ ഫാൻ,Malayalam,greeting,greeting,True,3.422053,4,75,True,True,0,0,0.0
67,ഹായ് ഓഫീസ് എസി,Malayalam,greeting,greeting,True,3.452081,4,75,True,True,0,0,0.0
68,ഹലോ ഓഫീസ് എസി,Malayalam,greeting,greeting,True,3.164519,4,75,True,True,0,0,0.0
69,നമസ്കാരം ഓഫീസ് എസി,Malayalam,greeting,greeting,True,1.885022,5,75,True,True,0,0,0.0
70,ഹായ് ഷോപ്പ് ഫാൻ,Malayalam,greeting,greeting,True,2.357552,4,75,True,True,0,0,0.0
71,ഹലോ ഷോപ്പ് ഫാൻ,Malayalam,greeting,greeting,True,2.820686,4,75,True,True,0,0,0.0
72,നമസ്കാരം ഷോപ്പ് ഫാൻ,Malayalam,greeting,greeting,True,3.228606,5,75,True,True,0,0,0.0
73,ഹായ് ഡിവൈസ് എസി,Malayalam,greeting,greeting,True,2.882463,4,75,True,True,0,0,0.0
74,ഹലോ ഡിവൈസ് എസി,Malayalam,greeting,greeting,True,3.036367,4,75,True,True,0,0,0.0
75,നമസ്കാരം ഡിവൈസ് എസി,Malayalam,greeting,greeting,True,3.001079,5,75,True,True,0,0,0.0
76,ഹായ് ഡിവൈസ് ഫാൻ,Malayalam,greeting,greeting,True,3.646597,4,75,True,True,0,0,0.0
77,ഹലോ ഡിവൈസ് ഫാൻ,Malayalam,greeting,greeting,True,2.421262,4,75,True,True,0,0,0.0
78,നമസ്കാരം ഡിവൈസ് ഫാൻ,Malayalam,greeting,greeting,True,3.334768,5,75,True,True,0,0,0.0
79,ഹായ് എസി സിസ്റ്റം,Malayalam,greeting,greeting,True,3.352164,5,75,True,True,0,0,0.0
80,ഹലോ എസി സിസ്റ്റം,Malayalam,greeting,greeting,True,3.268278,4,75,True,True,0,0,0.0
81,നമസ്കാരം എസി സിസ്റ്റം,Malayalam,greeting,greeting,True,3.308903,6,75,True,True,0,0,0.0
82,ഹായ് ഫാൻ സിസ്റ്റം,Malayalam,greeting,greeting,True,3.733474,5,75,True,True,0,0,0.0
83,ഹലോ ഫാൻ സിസ്റ്റം,Malayalam,greeting,greeting,True,2.653253,4,75,True,True,0,0,0.0
84,നമസ്കാരം ഫാൻ സിസ്റ്റം,Malayalam,greeting,greeting,True,3.011471,6,75,True,True,0,0,0.0
85,ഹായ് കൂൾ എസി,Malayalam,greeting,greeting,True,3.496178,3,75,True,True,0,0,0.0
86,ഹലോ കൂൾ എസി,Malayalam,greeting,greeting,True,3.537776,3,75,True,True,0,0,0.0
87,നമസ്കാരം കൂൾ എസി,Malayalam,greeting,greeting,True,2.254774,4,75,True,True,0,0,0.0
88,ഹായ് സ്പീഡ് ഫാൻ,Malayalam,greeting,greeting,True,3.191711,4,75,True,True,0,0,0.0
89,ഹലോ സ്പീഡ് ഫാൻ,Malayalam,greeting,greeting,True,2.036464,4,75,True,True,0,0,0.0
90,നമസ്കാരം സ്പീഡ് ഫാൻ,Malayalam,greeting,greeting,True,2.051043,5,75,True,True,0,0,0.0
91,ഹായ് ഹോം എസി,Malayalam,greeting,greeting,True,3.724169,3,75,True,True,0,0,0.0
92,ഹലോ ഹോം എസി,Malayalam,greeting,greeting,True,1.960130,3,75,True,True,0,0,0.0
93,നമസ്കാരം ഹോം എസി,Malayalam,greeting,greeting,True,2.074865,4,75,True,True,0,0,0.0
94,ഹായ് ഹോം ഫാൻ,Malayalam,greeting,greeting,True,2.228620,3,75,True,True,0,0,0.0
95,ഹലോ ഹോം ഫാൻ,Malayalam,greeting,greeting,True,3.659727,3,75,True,True,0,0,0.0
96,നമസ്കാരം ഹോം ഫാൻ,Malayalam,greeting,greeting,True,2.018500,4,75,True,True,0,0,0.0
97,ഫാൻ ഓൺ ചെയ്യൂ,Malayalam,device_control,device_control,True,3.073034,4,77,True,True,0,0,0.0
98,ഫാൻ ഓഫ് ചെയ്യൂ,Malayalam,device_control,device_control,True,2.300570,4,77,True,True,0,0,0.0
99,ലൈറ്റ് ഓൺ ചെയ്യൂ,Malayalam,device_control,device_control,True,2.587545,4,77,True,True,0,0,0.0
100,ലൈറ്റ് ഓഫ് ചെയ്യൂ,Malayalam,device_control,device_control,True,1.963297,5,77,True,True,0,0,0.0
101,എസി ഓൺ ചെയ്യൂ,Malayalam,device_control,device_control,True,2.948880,4,77,True,True,0,0,0.0
102,എസി ഓഫ് ചെയ്യൂ,Malayalam,device_control,device_control,True,3.173574,4,77,True,True,0,0,0.0
103,ടിവി ഓൺ ചെയ്യൂ,Malayalam,device_control,device_control,True,3.495078,4,77,True,True,0,0,0.0
104,ടിവി ഓഫ് ചെയ്യൂ,Malayalam,device_control,device_control,True,2.431431,4,77,True,True,0,0,0.0
105,ഫാനിന്റെ സ്പീഡ് കൂട്ടൂ,Malayalam,device_control,device_control,True,2.818690,6,77,True,True,0,0,0.0
106,ഫാനിന്റെ സ്പീഡ് കുറയ്ക്കൂ,Malayalam,device_control,device_control,True,2.350981,7,77,True,True,0,0,0.0
107,ഫാൻ സ്പീഡ് 3 ആക്കൂ,Malayalam,device_control,device_control,True,3.412905,5,77,True,True,0,0,0.0
108,എസി 20 ഡിഗ്രിയിലേക്ക് സെറ്റ് ചെയ്യൂ,Malayalam,device_control,device_control,True,2.757462,9,77,True,True,0,0,0.0
109,എസി 24 ഡിഗ്രിയിലേക്ക് മാറ്റൂ,Malayalam,device_control,device_control,True,3.313668,7,77,True,True,0,0,0.0
110,എസി കൂൾ മോഡിലേക്ക് മാറ്റൂ,Malayalam,device_control,device_control,True,3.297779,7,77,True,True,0,0,0.0
111,എസി ഹീറ്റ് മോഡിലേക്ക് മാറ്റൂ,Malayalam,device_control,device_control,True,3.688434,7,77,True,True,0,0,0.0
112,റൂം ലൈറ്റ് ഡിം ചെയ്യൂ,Malayalam,device_control,device_control,True,2.380238,6,77,True,True,0,0,0.0
113,ലൈറ്റ് ബ്രൈറ്റ്‌നസ് കൂട്ടൂ,Malayalam,device_control,device_control,True,2.723899,7,77,True,True,0,0,0.0
114,ലൈറ്റ് ബ്രൈറ്റ്‌നസ് കുറയ്ക്കൂ,Malayalam,device_control,device_control,True,2.923251,8,77,True,True,0,0,0.0
115,കിച്ചൻ ലൈറ്റ് ഓൺ ചെയ്യൂ,Malayalam,device_control,device_control,True,2.663112,6,77,True,True,0,0,0.0
116,കിച്ചൻ ലൈറ്റ് ഓഫ് ചെയ്യൂ,Malayalam,device_control,device_control,True,2.624715,6,77,True,True,0,0,0.0
117,ബെഡ്റൂം ഫാൻ ഓൺ ചെയ്യൂ,Malayalam,device_control,device_control,True,2.165772,6,77,True,True,0,0,0.0
118,ബെഡ്റൂം ഫാൻ ഓഫ് ചെയ്യൂ,Malayalam,device_control,device_control,True,2.015466,6,77,True,True,0,0,0.0
119,ഹാൾ ലൈറ്റ് ഓൺ ചെയ്യൂ,Malayalam,device_control,device_control,True,2.801011,5,77,True,True,0,0,0.0
120,ഹാൾ ലൈറ്റ് ഓഫ് ചെയ്യൂ,Malayalam,device_control,device_control,True,3.709024,6,77,True,True,0,0,0.0
121,എസി ടെംപറേച്ചർ കൂട്ടൂ,Malayalam,device_control,device_control,True,2.343461,6,77,True,True,0,0,0.0
122,എസി ടെംപറേച്ചർ കുറയ്ക്കൂ,Malayalam,device_control,device_control,True,2.390994,6,77,True,True,0,0,0.0
123,ഫാൻ ഓട്ടോ മോഡിലേക്ക് മാറ്റൂ,Malayalam,device_control,device_control,True,3.467495,7,77,True,True,0,0,0.0
124,എസി ഓട്ടോ മോഡിലേക്ക് മാറ്റൂ,Malayalam,device_control,device_control,True,3.510082,7,77,True,True,0,0,0.0
125,കൂളർ ഓൺ ചെയ്യൂ,Malayalam,device_control,device_control,True,1.842412,4,77,True,True,0,0,0.0
126,കൂളർ ഓഫ് ചെയ്യൂ,Malayalam,device_control,device_control,True,2.209203,4,77,True,True,0,0,0.0
127,ഹീറ്റർ ഓൺ ചെയ്യൂ,Malayalam,device_control,device_control,True,3.019110,4,77,True,True,0,0,0.0
128,ഹീറ്റർ ഓഫ് ചെയ്യൂ,Malayalam,device_control,device_control,True,3.683981,5,77,True,True,0,0,0.0
129,ടിവി വോള്യം കൂട്ടൂ,Malayalam,device_control,device_control,True,2.318863,5,77,True,True,0,0,0.0
130,ടിവി വോള്യം കുറയ്ക്കൂ,Malayalam,device_control,device_control,True,3.263400,6,77,True,True,0,0,0.0
131,ടിവി മ്യൂട്ട് ചെയ്യൂ,Malayalam,device_control,device_control,True,3.640773,5,77,True,True,0,0,0.0
132,ടിവി അൺമ്യൂട്ട് ചെയ്യൂ,Malayalam,device_control,device_control,True,2.404108,6,77,True,True,0,0,0.0
133,ഫാൻ റിവേഴ്‌സ് മോഡിൽ ഇടൂ,Malayalam,device_control,device_control,True,1.981599,6,77,True,True,0,0,0.0
134,ലൈറ്റ് കളർ മാറ്റൂ,Malayalam,device_control,device_control,True,2.278257,5,77,True,True,0,0,0.0
135,സ്മാർട്ട് പ്ലഗ് ഓൺ ചെയ്യൂ,Malayalam,device_control,device_control,True,2.876379,7,77,True,True,0,0,0.0
136,സ്മാർട്ട് പ്ലഗ് ഓഫ് ചെയ്യൂ,Malayalam,device_control,device_control,True,2.366476,7,77,True,True,0,0,0.0
137,എസി ഫാൻ മോഡിലേക്ക് മാറ്റൂ,Malayalam,device_control,device_control,True,3.292684,7,77,True,True,0,0,0.0
138,എസി ഡ്രൈ മോഡിലേക്ക് മാറ്റൂ,Malayalam,device_control,device_control,True,3.486433,7,77,True,True,0,0,0.0
139,ഫാൻ മിഡിയം സ്പീഡിലേക്ക് മാറ്റൂ,Malayalam,device_control,device_control,True,3.410044,8,77,True,True,0,0,0.0
140,ഫാൻ ഹൈ സ്പീഡിലേക്ക് മാറ്റൂ,Malayalam,device_control,device_control,True,2.087156,7,77,True,True,0,0,0.0
141,ഫാൻ ലോ സ്പീഡിലേക്ക് മാറ്റൂ,Malayalam,device_control,device_control,True,1.863870,7,77,True,True,0,0,0.0
142,ലൈറ്റ് ഓട്ടോ ഓഫ് ആക്കൂ,Malayalam,device_control,device_control,True,3.691501,6,77,True,True,0,0,0.0
143,ലൈറ്റ് ഓട്ടോ ഓൺ ആക്കൂ,Malayalam,device_control,device_control,True,2.161635,6,77,True,True,0,0,0.0
144,എസി സ്വിംഗ് ഓൺ ചെയ്യൂ,Malayalam,device_control,device_control,True,2.258674,6,77,True,True,0,0,0.0
145,എസി സ്വിംഗ് ഓഫ് ചെയ്യൂ,Malayalam,device_control,device_control,True,3.488091,6,77,True,True,0,0,0.0
146,ടിവി ചാനൽ മാറ്റൂ,Malayalam,device_control,device_control,True,2.527660,4,77,True,True,0,0,0.0
147,ടിവി ചാനൽ അടുത്തത് ഇടൂ,Malayalam,device_control,device_control,True,1.801933,6,77,True,True,0,0,0.0
148,ടിവി ചാനൽ പിന്നോട്ട് മാറ്റൂ,Malayalam,device_control,device_control,True,2.527162,7,77,True,True,0,0,0.0
149,ഫാൻ ടൈമർ ഓൺ ചെയ്യൂ,Malayalam,device_control,device_control,True,3.686575,5,77,True,True,0,0,0.0
150,ഫാൻ ടൈമർ ഓഫ് ചെയ്യൂ,Malayalam,device_control,device_control,True,3.213831,5,77,True,True,0,0,0.0
151,എസി ടൈമർ സെറ്റ് ചെയ്യൂ,Malayalam,device_control,device_control,True,2.512751,6,77,True,True,0,0,0.0
152,എസി ടൈമർ റദ്ദാക്കൂ,Malayalam,device_control,device_control,True,3.698071,5,77,True,True,0,0,0.0
153,ലൈറ്റ് ടൈമർ ഓൺ ചെയ്യൂ,Malayalam,device_control,device_control,True,2.724130,6,77,True,True,0,0,0.0
154,ലൈറ്റ് ടൈമർ ഓഫ് ചെയ്യൂ,Malayalam,device_control,device_control,True,2.958220,6,77,True,True,0,0,0.0
155,എല്ലാ ലൈറ്റുകളും ഓഫ് ചെയ്യൂ,Malayalam,device_control,device_control,True,2.596207,7,77,True,True,0,0,0.0
156,എല്ലാ ലൈറ്റുകളും ഓൺ ചെയ്യൂ,Malayalam,device_control,device_control,True,1.902061,7,77,True,True,0,0,0.0
157,എല്ലാ ഉപകരണങ്ങളും ഓഫ് ചെയ്യൂ,Malayalam,device_control,device_control,True,2.716816,7,77,True,True,0,0,0.0
158,എല്ലാ ഉപകരണങ്ങളും ഓൺ ചെയ്യൂ,Malayalam,device_control,device_control,True,3.288776,7,77,True,True,0,0,0.0
159,റൂം ലൈറ്റുകൾ ഓൺ ചെയ്യൂ,Malayalam,device_control,device_control,True,1.905130,6,77,True,True,0,0,0.0
160,റൂം ലൈറ്റുകൾ ഓഫ് ചെയ്യൂ,Malayalam,device_control,device_control,True,2.770320,6,77,True,True,0,0,0.0
161,ബാത്ത്റൂം ലൈറ്റ് ഓൺ ചെയ്യൂ,Malayalam,device_control,device_control,True,3.476256,7,77,True,True,0,0,0.0
162,ബാത്ത്റൂം ലൈറ്റ് ഓഫ് ചെയ്യൂ,Malayalam,device_control,device_control,True,2.593854,7,77,True,True,0,0,0.0
163,ഗാർഡൻ ലൈറ്റ് ഓൺ ചെയ്യൂ,Malayalam,device_control,device_control,True,3.681390,6,77,True,True,0,0,0.0
164,ഗാർഡൻ ലൈറ്റ് ഓഫ് ചെയ്യൂ,Malayalam,device_control,device_control,True,2.655486,6,77,True,True,0,0,0.0
165,എസി പവർ ഓൺ ചെയ്യൂ,Malayalam,device_control,device_control,True,2.704978,5,77,True,True,0,0,0.0
166,എസി പവർ ഓഫ് ചെയ്യൂ,Malayalam,device_control,device_control,True,2.826405,5,77,True,True,0,0,0.0
167,ഫാൻ പവർ ഓഫ് ചെയ്യൂ,Malayalam,device_control,device_control,True,2.802140,5,77,True,True,0,0,0.0
168,ഫാൻ പവർ ഓൺ ചെയ്യൂ,Malayalam,device_control,device_control,True,2.509054,5,77,True,True,0,0,0.0
169,ടിവി റീസ്റ്റാർട്ട് ചെയ്യൂ,Malayalam,device_control,device_control,True,3.045266,7,77,True,True,0,0,0.0
170,എസി റീസ്റ്റാർട്ട് ചെയ്യൂ,Malayalam,device_control,device_control,True,2.220703,6,77,True,True,0,0,0.0
171,സെറ്റ് ടോപ്പ് ബോക്സ് ഓൺ ചെയ്യൂ,Malayalam,device_control,device_control,True,2.105202,8,77,True,True,0,0,0.0
172,സെറ്റ് ടോപ്പ് ബോക്സ് ഓഫ് ചെയ്യൂ,Malayalam,device_control,device_control,True,3.407579,8,77,True,True,0,0,0.0
173,സൗണ്ട് സിസ്റ്റം ഓൺ ചെയ്യൂ,Malayalam,device_control,device_control,True,2.299638,7,77,True,True,0,0,0.0
174,സൗണ്ട് സിസ്റ്റം ഓഫ് ചെയ്യൂ,Malayalam,device_control,device_control,True,3.350868,7,77,True,True,0,0,0.0
175,ഡോർ ലോക്ക് ചെയ്യൂ,Malayalam,device_control,service,False,2.702560,5,78,True,True,0,0,0.0
176,ഡോർ അൺലോക്ക് ചെയ്യൂ,Malayalam,device_control,service,False,3.748011,5,79,True,True,0,0,0.0
177,ക്യാമറ ഓൺ ചെയ്യൂ,Malayalam,device_control,device_control,True,2.842038,4,77,True,True,0,0,0.0
178,ക്യാമറ ഓഫ് ചെയ്യൂ,Malayalam,device_control,device_control,True,2.004294,5,77,True,True,0,0,0.0
179,വൈഫൈ റൗട്ടർ റീസ്റ്റാർട്ട് ചെയ്യൂ,Malayalam,device_control,service,False,1.807642,8,82,True,True,0,0,0.0
180,വൈഫൈ റൗട്ടർ ഓഫ് ചെയ്യൂ,Malayalam,device_control,device_control,True,2.727151,6,77,True,True,0,0,0.0
181,വൈഫൈ റൗട്ടർ ഓൺ ചെയ്യൂ,Malayalam,device_control,device_control,True,2.536963,6,77,True,True,0,0,0.0
182,ഇൻഡക്ഷൻ സ്റ്റൗവ് ഓൺ ചെയ്യൂ,Malayalam,device_control,device_control,True,2.567806,7,77,True,True,0,0,0.0
183,ഇൻഡക്ഷൻ സ്റ്റൗവ് ഓഫ് ചെയ്യൂ,Malayalam,device_control,device_control,True,3.787541,7,77,True,True,0,0,0.0
184,മൈക്രോവേവ് ഓൺ ചെയ്യൂ,Malayalam,device_control,device_control,True,2.462377,5,77,True,True,0,0,0.0
185,മൈക്രോവേവ് ഓഫ് ചെയ്യൂ,Malayalam,device_control,device_control,True,3.156244,6,77,True,True,0,0,0.0
186,ഡിഷ്‌വാഷർ ഓൺ ചെയ്യൂ,Malayalam,device_control,device_control,True,3.406638,5,77,True,True,0,0,0.0
187,ഡിഷ്‌വാഷർ ഓഫ് ചെയ്യൂ,Malayalam,device_control,device_control,True,3.044284,5,77,True,True,0,0,0.0
188,വാഷിംഗ് മെഷീൻ ഓൺ ചെയ്യൂ,Malayalam,device_control,device_control,True,2.706369,6,77,True,True,0,0,0.0
189,വാഷിംഗ് മെഷീൻ ഓഫ് ചെയ്യൂ,Malayalam,device_control,device_control,True,3.193637,6,77,True,True,0,0,0.0
190,ഫ്രിഡ്ജ് ടെംപറേച്ചർ കൂട്ടൂ,Malayalam,device_control,device_control,True,3.323868,7,77,True,True,0,0,0.0
191,ഫ്രിഡ്ജ് ടെംപറേച്ചർ കുറയ്ക്കൂ,Malayalam,device_control,device_control,True,2.957213,8,77,True,True,0,0,0.0
192,എസി സ്ലീപ്പ് മോഡ് ഓൺ ചെയ്യൂ,Malayalam,device_control,device_control,True,3.250270,7,77,True,True,0,0,0.0
193,എസി സ്ലീപ്പ് മോഡ് ഓഫ് ചെയ്യൂ,Malayalam,device_control,device_control,True,2.964748,7,77,True,True,0,0,0.0
194,ഫ്രാൻസിന്റെ തലസ്ഥാനം എന്താണ്,Malayalam,out_of_scope,out_of_scope,True,2.210776,7,76,True,True,0,0,0.0
195,ഒരു തമാശ പറയൂ,Malayalam,out_of_scope,out_of_scope,True,3.588048,4,76,True,True,0,0,0.0
196,ഇന്ത്യയുടെ ചരിത്രം പറഞ്ഞുതരൂ,Malayalam,out_of_scope,service,False,2.632667,7,81,True,True,0,0,0.0
197,മെഷീൻ ലേണിംഗ് എന്താണ്,Malayalam,out_of_scope,out_of_scope,True,3.011412,6,76,True,True,0,0,0.0
198,ആകാശം നീലയാകുന്നത് എന്തുകൊണ്ട്,Malayalam,out_of_scope,service,False,3.447212,8,81,True,True,0,0,0.0
199,ഗ്രാവിറ്റി എന്താണ്,Malayalam,out_of_scope,out_of_scope,True,2.421835,5,75,True,True,0,0,0.0
200,ഇന്റർനെറ്റ് എങ്ങനെ പ്രവർത്തിക്കുന്നു,Malayalam,out_of_scope,out_of_scope,True,2.576174,9,76,True,True,0,0,0.0
201,ഫോട്ടോസിന്തസിസ് വിശദീകരിക്കൂ,Malayalam,out_of_scope,service,False,2.415160,7,81,True,True,0,0,0.0
202,ബ്ലാക്ക് ഹോൾ എന്താണ്,Malayalam,out_of_scope,out_of_scope,True,3.676191,5,76,True,True,0,0,0.0
203,2011 ലോകകപ്പ് ആരാണ് ജയിച്ചത്,Malayalam,out_of_scope,service,False,2.280871,7,81,True,True,0,0,0.0
204,പൈത്തൺ പ്രോഗ്രാമിംഗ് എന്താണ്,Malayalam,out_of_scope,out_of_scope,True,2.385018,7,76,True,True,0,0,0.0
205,സൂര്യൻ എത്ര ദൂരത്തിലാണ്,Malayalam,out_of_scope,service,False,2.401400,6,80,True,True,0,0,0.0
206,ചന്ദ്രൻ എങ്ങനെ ഉണ്ടായി,Malayalam,out_of_scope,out_of_scope,True,3.170058,6,76,True,True,0,0,0.0
207,ഭൂമി എന്തുകൊണ്ട് ചുറ്റുന്നു,Malayalam,out_of_scope,service,False,3.183376,7,81,True,True,0,0,0.0
208,ഇന്ത്യയുടെ പ്രധാനമന്ത്രി ആര് ആണ്,Malayalam,out_of_scope,out_of_scope,True,2.820372,8,76,True,True,0,0,0.0
209,ഒരു കഥ പറയൂ,Malayalam,out_of_scope,out_of_scope,True,2.928055,3,76,True,True,0,0,0.0
210,ഗണിതം എന്താണ്,Malayalam,out_of_scope,out_of_scope,True,3.796992,4,75,True,True,0,0,0.0
211,കൃത്രിമ ബുദ്ധി എന്താണ്,Malayalam,out_of_scope,out_of_scope,True,2.496423,6,76,True,True,0,0,0.0
212,കമ്പ്യൂട്ടർ എങ്ങനെ പ്രവർത്തിക്കുന്നു,Malayalam,out_of_scope,out_of_scope,True,2.131160,9,76,True,True,0,0,0.0
213,സമയം എന്താണ്,Malayalam,out_of_scope,out_of_scope,True,2.747801,3,75,True,True,0,0,0.0
214,ജീവൻ എന്താണ്,Malayalam,out_of_scope,out_of_scope,True,2.375130,3,75,True,True,0,0,0.0
215,സ്നേഹം എന്താണ്,Malayalam,out_of_scope,out_of_scope,True,3.212218,4,75,True,True,0,0,0.0
216,മനുഷ്യൻ എങ്ങനെ വികസിച്ചു,Malayalam,out_of_scope,out_of_scope,True,2.526554,6,76,True,True,0,0,0.0
217,ഡൈനോസറുകൾ എങ്ങനെ ഇല്ലാതായി,Malayalam,out_of_scope,out_of_scope,True,2.651461,7,76,True,True,0,0,0.0
218,സമുദ്രം എത്ര ആഴമാണ്,Malayalam,out_of_scope,service,False,2.178546,5,79,True,True,0,0,0.0
219,ഹിമാലയം എവിടെയാണ്,Malayalam,out_of_scope,out_of_scope,True,3.393612,5,75,True,True,0,0,0.0
220,ചൈനയുടെ തലസ്ഥാനം എന്താണ്,Malayalam,out_of_scope,out_of_scope,True,2.789113,6,76,True,True,0,0,0.0
221,അമേരിക്കയുടെ പ്രസിഡന്റ് ആര് ആണ്,Malayalam,out_of_scope,out_of_scope,True,2.842759,8,76,True,True,0,0,0.0
222,സൂര്യഗ്രഹണം എന്താണ്,Malayalam,out_of_scope,out_of_scope,True,3.350748,5,75,True,True,0,0,0.0
223,ചന്ദ്രഗ്രഹണം എന്താണ്,Malayalam,out_of_scope,out_of_scope,True,3.791790,5,75,True,True,0,0,0.0
224,ബ്ലഡ് ഗ്രൂപ്പ് എന്താണ്,Malayalam,out_of_scope,out_of_scope,True,3.007486,6,76,True,True,0,0,0.0
225,ഡി.എൻ.എ എന്താണ്,Malayalam,out_of_scope,out_of_scope,True,3.281668,4,75,True,True,0,0,0.0
226,അണു എന്താണ്,Malayalam,out_of_scope,out_of_scope,True,3.294751,3,75,True,True,0,0,0.0
227,ആറ്റം എന്താണ്,Malayalam,out_of_scope,out_of_scope,True,2.597708,4,75,True,True,0,0,0.0
228,വിശ്വം എത്ര വലുതാണ്,Malayalam,out_of_scope,service,False,2.297233,5,79,True,True,0,0,0.0
229,ഭൂകമ്പം എന്തുകൊണ്ട് സംഭവിക്കുന്നു,Malayalam,out_of_scope,service,False,3.384996,9,82,True,True,0,0,0.0
230,വെള്ളം എന്തുകൊണ്ട് അത്യാവശ്യമാണ്,Malayalam,out_of_scope,service,False,3.734094,8,82,True,True,0,0,0.0
231,മഴ എങ്ങനെ ഉണ്ടാകുന്നു,Malayalam,out_of_scope,out_of_scope,True,2.189264,6,76,True,True,0,0,0.0
232,വായു മലിനീകരണം എന്താണ്,Malayalam,out_of_scope,out_of_scope,True,3.687498,6,76,True,True,0,0,0.0
233,ഗ്ലോബൽ വാർമിംഗ് എന്താണ്,Malayalam,out_of_scope,out_of_scope,True,2.713866,6,76,True,True,0,0,0.0
234,ക്ലൈമറ്റ് ചേഞ്ച് എന്താണ്,Malayalam,out_of_scope,out_of_scope,True,2.102888,6,76,True,True,0,0,0.0
235,ഇലക്ട്രിസിറ്റി എന്താണ്,Malayalam,out_of_scope,out_of_scope,True,2.634975,6,75,True,True,0,0,0.0
236,ചുംബകശക്തി എന്താണ്,Malayalam,out_of_scope,out_of_scope,True,2.536341,5,75,True,True,0,0,0.0
237,വൈറസ് എന്താണ്,Malayalam,out_of_scope,out_of_scope,True,3.618443,4,75,True,True,0,0,0.0
238,ബാക്ടീരിയ എന്താണ്,Malayalam,out_of_scope,out_of_scope,True,2.305590,5,75,True,True,0,0,0.0
239,മനുഷ്യ ശരീരം എങ്ങനെ പ്രവർത്തിക്കുന്നു,Malayalam,out_of_scope,out_of_scope,True,2.581856,10,76,True,True,0,0,0.0
240,ഹൃദയം എന്താണ്,Malayalam,out_of_scope,out_of_scope,True,2.090807,4,75,True,True,0,0,0.0
241,മസ്തിഷ്കം എന്താണ്,Malayalam,out_of_scope,out_of_scope,True,3.323468,5,75,True,True,0,0,0.0
242,നാഡീവ്യവസ്ഥ എന്താണ്,Malayalam,out_of_scope,out_of_scope,True,3.105922,5,75,True,True,0,0,0.0
243,കണ്ണ് എങ്ങനെ കാണുന്നു,Malayalam,out_of_scope,out_of_scope,True,1.904276,6,76,True,True,0,0,0.0
244,ചെവി എങ്ങനെ കേൾക്കുന്നു,Malayalam,out_of_scope,out_of_scope,True,3.538954,6,76,True,True,0,0,0.0
245,ഭാഷ എന്താണ്,Malayalam,out_of_scope,out_of_scope,True,2.790844,3,75,True,True,0,0,0.0
246,ഇംഗ്ലീഷ് എങ്ങനെ പഠിക്കാം,Malayalam,out_of_scope,out_of_scope,True,2.794452,6,76,True,True,0,0,0.0
247,ഗണിതം എങ്ങനെ പഠിക്കാം,Malayalam,out_of_scope,out_of_scope,True,3.615434,6,76,True,True,0,0,0.0
248,പഠനത്തിൽ ശ്രദ്ധ എങ്ങനെ വർധിപ്പിക്കാം,Malayalam,out_of_scope,out_of_scope,True,2.097624,9,76,True,True,0,0,0.0
249,വിജയം നേടാൻ എന്ത് ചെയ്യണം,Malayalam,out_of_scope,service,False,1.985050,7,80,True,True,0,0,0.0
250,സന്തോഷം എന്താണ്,Malayalam,out_of_scope,out_of_scope,True,3.387165,4,75,True,True,0,0,0.0
251,സമ്മർദ്ദം എന്താണ്,Malayalam,out_of_scope,out_of_scope,True,2.378783,5,75,True,True,0,0,0.0
252,ആരോഗ്യം എങ്ങനെ պահպանിക്കാം,Malayalam,out_of_scope,out_of_scope,True,2.881687,7,76,True,True,0,0,0.0
253,യോഗ എന്താണ്,Malayalam,out_of_scope,out_of_scope,True,3.611734,3,75,True,True,0,0,0.0
254,ധ്യാനം എന്താണ്,Malayalam,out_of_scope,out_of_scope,True,1.920082,4,75,True,True,0,0,0.0
255,പുസ്തകങ്ങൾ വായിക്കുന്നതിന്റെ ഗുണങ്ങൾ എന്താണ്,Malayalam,out_of_scope,out_of_scope,True,3.458578,11,76,True,True,0,0,0.0
256,സംഗീതം എന്താണ്,Malayalam,out_of_scope,out_of_scope,True,1.919677,4,75,True,True,0,0,0.0
257,സിനിമ എന്താണ്,Malayalam,out_of_scope,out_of_scope,True,3.684861,4,75,True,True,0,0,0.0
258,നാടകം എന്താണ്,Malayalam,out_of_scope,out_of_scope,True,3.036941,4,75,True,True,0,0,0.0
259,കലയെന്താണ്,Malayalam,out_of_scope,service,False,2.123779,3,76,True,True,0,0,0.0
260,സംസ്കാരം എന്താണ്,Malayalam,out_of_scope,out_of_scope,True,2.475789,4,75,True,True,0,0,0.0
261,മതം എന്താണ്,Malayalam,out_of_scope,out_of_scope,True,1.913491,3,75,True,True,0,0,0.0
262,ദൈവം ഉണ്ടോ,Malayalam,out_of_scope,service,False,1.804708,3,76,True,True,0,0,0.0
263,ശാസ്ത്രം എന്താണ്,Malayalam,out_of_scope,out_of_scope,True,2.779620,4,75,True,True,0,0,0.0
264,സാങ്കേതികവിദ്യ എന്താണ്,Malayalam,out_of_scope,out_of_scope,True,2.027527,6,75,True,True,0,0,0.0
265,റോബോട്ടുകൾ എന്താണ്,Malayalam,out_of_scope,out_of_scope,True,1.961004,5,75,True,True,0,0,0.0
266,സ്പേസ് എക്സ്പ്ലോറേഷൻ എന്താണ്,Malayalam,out_of_scope,out_of_scope,True,2.833130,7,76,True,True,0,0,0.0
267,മാർസ് ഗ്രഹം എന്താണ്,Malayalam,out_of_scope,out_of_scope,True,1.828365,5,76,True,True,0,0,0.0
268,ജ്യുപിറ്റർ എത്ര വലുതാണ്,Malayalam,out_of_scope,service,False,2.785503,6,80,True,True,0,0,0.0
269,സാറ്റലൈറ്റ് എന്താണ്,Malayalam,out_of_scope,out_of_scope,True,3.070350,5,75,True,True,0,0,0.0
270,റോക്കറ്റ് എങ്ങനെ പ്രവർത്തിക്കുന്നു,Malayalam,out_of_scope,out_of_scope,True,2.582796,9,76,True,True,0,0,0.0
271,സോഫ്റ്റ്വെയർ എന്താണ്,Malayalam,out_of_scope,out_of_scope,True,2.863820,5,75,True,True,0,0,0.0
272,ഹാർഡ്‌വെയർ എന്താണ്,Malayalam,out_of_scope,out_of_scope,True,2.308328,5,75,True,True,0,0,0.0
273,ഡാറ്റ എന്താണ്,Malayalam,out_of_scope,out_of_scope,True,2.420868,4,75,True,True,0,0,0.0
274,ആൽഗോറിതം എന്താണ്,Malayalam,out_of_scope,out_of_scope,True,3.565047,4,75,True,True,0,0,0.0
275,കമ്പ്യൂട്ടർ നെറ്റ്വർക്ക് എന്താണ്,Malayalam,out_of_scope,out_of_scope,True,3.543088,8,76,True,True,0,0,0.0
276,സൈബർ സുരക്ഷ എന്താണ്,Malayalam,out_of_scope,out_of_scope,True,2.349494,5,76,True,True,0,0,0.0
277,ബ്ലോക്ക്ചെയിൻ എന്താണ്,Malayalam,out_of_scope,out_of_scope,True,2.377530,6,75,True,True,0,0,0.0
278,ക്രിപ്റ്റോകറൻസി എന്താണ്,Malayalam,out_of_scope,out_of_scope,True,2.749418,6,75,True,True,0,0,0.0
279,സ്റ്റോക്ക് മാർക്കറ്റ് എന്താണ്,Malayalam,out_of_scope,out_of_scope,True,3.434838,8,76,True,True,0,0,0.0
280,ബാങ്കിംഗ് എങ്ങനെ പ്രവർത്തിക്കുന്നു,Malayalam,out_of_scope,out_of_scope,True,3.430469,9,76,True,True,0,0,0.0
281,ഇൻഷുറൻസ് എന്താണ്,Malayalam,out_of_scope,out_of_scope,True,2.921732,4,75,True,True,0,0,0.0
282,ടാക്സ് എന്താണ്,Malayalam,out_of_scope,out_of_scope,True,3.669189,4,75,True,True,0,0,0.0
283,സർക്കാർ എന്താണ്,Malayalam,out_of_scope,out_of_scope,True,2.403942,4,75,True,True,0,0,0.0
284,ഡെമോക്രസി എന്താണ്,Malayalam,out_of_scope,out_of_scope,True,3.230266,5,75,True,True,0,0,0.0
285,നിയമം എന്താണ്,Malayalam,out_of_scope,out_of_scope,True,2.053312,4,75,True,True,0,0,0.0
286,വോട്ടിംഗ് എന്താണ്,Malayalam,out_of_scope,out_of_scope,True,2.896738,5,75,True,True,0,0,0.0
287,വിദ്യാഭ്യാസം എന്താണ്,Malayalam,out_of_scope,out_of_scope,True,3.109019,5,75,True,True,0,0,0.0
288,വിദ്യാർത്ഥി ജീവിതം എന്താണ്,Malayalam,out_of_scope,out_of_scope,True,3.456129,7,76,True,True,0,0,0.0
289,അധ്യാപകൻ എന്താണ്,Malayalam,out_of_scope,out_of_scope,True,1.964984,4,75,True,True,0,0,0.0
290,സ്കൂൾ എന്താണ്,Malayalam,out_of_scope,out_of_scope,True,3.780088,4,75,True,True,0,0,0.0
291,കോളേജ് എന്താണ്,Malayalam,out_of_scope,out_of_scope,True,1.879058,4,75,True,True,0,0,0.0
292,എന്റെ ഫാൻ പ്രവർത്തിക്കുന്നില്ല,Malayalam,service,device_control,False,1.853354,8,77,True,True,0,0,0.0
293,എസി സർവീസ് വേണം,Malayalam,service,device_control,False,3.096037,4,77,True,True,0,0,0.0
294,എന്റെ ടിവി സ്ക്രീൻ തിളങ്ങുന്നു,Malayalam,service,device_control,False,3.719218,8,77,True,True,0,0,0.0
295,വാഷിംഗ് മെഷീൻ വെള്ളം ചോർന്നുകൊണ്ടിരിക്കുന്നു,Malayalam,service,service,True,2.746556,11,85,True,True,0,0,0.0
296,ഫ്രിഡ്ജ് തണുപ്പിക്കുന്നില്ല,Malayalam,service,service,True,2.689827,7,80,True,True,0,0,0.0
297,എസി ഇൻസ്റ്റലേഷൻ വേണം,Malayalam,service,device_control,False,3.350165,5,77,True,True,0,0,0.0
298,ടെക്നീഷ്യൻ അയക്കൂ,Malayalam,service,service,True,3.742976,5,78,True,True,0,0,0.0
299,വാറന്റി പരിശോധിക്കൂ,Malayalam,service,service,True,2.494009,5,78,True,True,0,0,0.0
300,റിപ്പയർ സ്റ്റാറ്റസ് അറിയണം,Malayalam,service,service,True,2.826915,7,80,True,True,0,0,0.0
301,എയർ പ്യൂരിഫയർ റിട്ടേൺ ചെയ്യണം,Malayalam,service,service,True,1.803794,8,81,True,True,0,0,0.0
302,കൂളർ ശബ്ദം ഉണ്ടാക്കുന്നു,Malayalam,service,device_control,False,3.232650,6,77,True,True,0,0,0.0
303,മൈക്രോവേവ് ചൂടാക്കുന്നില്ല,Malayalam,service,service,True,2.100735,7,80,True,True,0,0,0.0
304,ഡിഷ്‌വാഷർ പ്രവർത്തിക്കുന്നില്ല,Malayalam,service,service,True,2.197438,8,81,True,True,0,0,0.0
305,സർവീസ് ബുക്ക് ചെയ്യൂ,Malayalam,service,service,True,3.176847,5,79,True,True,0,0,0.0
306,എസി ഗ്യാസ് നിറയ്ക്കണം,Malayalam,service,device_control,False,2.207481,6,77,True,True,0,0,0.0
307,ഫാൻ ശബ്ദം ഉണ്ടാക്കുന്നു,Malayalam,service,device_control,False,2.008228,6,77,True,True,0,0,0.0
308,ലൈറ്റ് പ്രവർത്തിക്കുന്നില്ല,Malayalam,service,device_control,False,2.182223,7,76,True,True,0,0,0.0
309,വാഷിംഗ് മെഷീൻ സർവീസ് വേണം,Malayalam,service,service,True,1.931206,7,80,True,True,0,0,0.0
310,ടിവി റിപ്പയർ ചെയ്യണം,Malayalam,service,device_control,False,2.966119,5,77,True,True,0,0,0.0
311,എസി തണുപ്പിക്കുന്നില്ല,Malayalam,service,device_control,False,3.133601,6,76,True,True,0,0,0.0
312,ഫ്രിഡ്ജ് സർവീസ് ചെയ്യണം,Malayalam,service,service,True,1.979465,6,80,True,True,0,0,0.0
313,കൂളർ പ്രവർത്തിക്കുന്നില്ല,Malayalam,service,device_control,False,3.727635,7,76,True,True,0,0,0.0
314,മൈക്രോവേവ് റിപ്പയർ വേണം,Malayalam,service,service,True,2.999239,6,80,True,True,0,0,0.0
315,ഡിഷ്‌വാഷർ സർവീസ് വേണം,Malayalam,service,service,True,3.775285,6,79,True,True,0,0,0.0
316,എസി ഫിൽറ്റർ ക്ലീൻ ചെയ്യണം,Malayalam,service,device_control,False,3.614100,7,77,True,True,0,0,0.0
317,ഫാൻ ശരിയായി തിരിയുന്നില്ല,Malayalam,service,device_control,False,2.542199,7,77,True,True,0,0,0.0
318,ടിവി ഓൺ ആവുന്നില്ല,Malayalam,service,device_control,False,3.286808,5,77,True,True,0,0,0.0
319,ലൈറ്റ് ബ്ലിങ്ക് ചെയ്യുന്നു,Malayalam,service,device_control,False,2.465038,7,77,True,True,0,0,0.0
320,വാഷിംഗ് മെഷീൻ നിർത്തി,Malayalam,service,service,True,3.269020,6,79,True,True,0,0,0.0
321,എസി വെള്ളം ചോർന്നു,Malayalam,service,device_control,False,2.481536,5,77,True,True,0,0,0.0
322,ഫ്രിഡ്ജ് ശബ്ദം കൂടുതലാണ്,Malayalam,service,service,True,3.027936,6,80,True,True,0,0,0.0
323,കൂളർ കാറ്റ് കൊടുക്കുന്നില്ല,Malayalam,service,device_control,False,3.671053,7,77,True,True,0,0,0.0
324,മൈക്രോവേവ് പ്രവർത്തിക്കുന്നില്ല,Malayalam,service,service,True,3.399349,8,81,True,True,0,0,0.0
325,ഡിഷ്‌വാഷർ വെള്ളം എടുക്കുന്നില്ല,Malayalam,service,service,True,2.815892,8,82,True,True,0,0,0.0
326,ടെക്നീഷ്യൻ ബുക്ക് ചെയ്യണം,Malayalam,service,service,True,2.632944,7,80,True,True,0,0,0.0
327,സർവീസ് അപോയിന്റ്മെന്റ് വേണം,Malayalam,service,service,True,3.009358,7,81,True,True,0,0,0.0
328,എസി ഇൻസ്റ്റാൾ ചെയ്യാൻ ആളെ അയക്കൂ,Malayalam,service,device_control,False,2.496949,8,77,True,True,0,0,0.0
329,ഫ്രിഡ്ജ് വാറന്റി സ്റ്റാറ്റസ് അറിയണം,Malayalam,service,service,True,3.560812,9,83,True,True,0,0,0.0
330,റിപ്പയർ സ്റ്റാറ്റസ് ട്രാക്ക് ചെയ്യണം,Malayalam,service,service,True,2.607151,9,83,True,True,0,0,0.0
331,സർവീസ് ക്യാൻസൽ ചെയ്യണം,Malayalam,service,service,True,3.399261,6,79,True,True,0,0,0.0
332,അപ്പോയിന്റ്മെന്റ് റീഷെഡ്യൂൾ ചെയ്യണം,Malayalam,service,service,True,2.298638,9,83,True,True,0,0,0.0
333,എസി കൂളിംഗ് പ്രശ്നം ഉണ്ട്,Malayalam,service,device_control,False,2.818706,7,77,True,True,0,0,0.0
334,ഫാൻ സ്പീഡ് കുറവാണ്,Malayalam,service,device_control,False,2.514671,5,77,True,True,0,0,0.0
335,ടിവി പിക്ചർ ക്ലിയർ അല്ല,Malayalam,service,device_control,False,2.212335,6,77,True,True,0,0,0.0
336,ലൈറ്റ് പ്രവർത്തനം നിർത്തി,Malayalam,service,device_control,False,2.213129,7,77,True,True,0,0,0.0
337,വാഷിംഗ് മെഷീൻ സ്പിൻ ചെയ്യുന്നില്ല,Malayalam,service,service,True,2.161414,9,82,True,True,0,0,0.0
338,എസി റിമോട്ട് പ്രവർത്തിക്കുന്നില്ല,Malayalam,service,device_control,False,2.098407,9,77,True,True,0,0,0.0
339,ഫ്രിഡ്ജ് ഡോർ ശരിയായി അടയുന്നില്ല,Malayalam,service,service,True,1.822233,8,82,True,True,0,0,0.0
340,കൂളർ വെള്ളം ചോരുന്നു,Malayalam,service,device_control,False,3.673930,5,77,True,True,0,0,0.0
341,മൈക്രോവേവ് ടൈമർ പ്രവർത്തിക്കുന്നില്ല,Malayalam,service,service,True,2.524091,9,83,True,True,0,0,0.0
342,ഡിഷ്‌വാഷർ ഡ്രൈ ചെയ്യുന്നില്ല,Malayalam,service,service,True,3.401074,7,81,True,True,0,0,0.0
343,ടെക്നീഷ്യൻ എപ്പോൾ വരും,Malayalam,service,service,True,3.218350,6,79,True,True,0,0,0.0
344,സർവീസ് സ്റ്റാറ്റസ് എന്താണ്,Malayalam,service,out_of_scope,False,3.657404,7,76,True,True,0,0,0.0
345,എസി ഇൻസ്റ്റലേഷൻ തീയതി മാറ്റൂ,Malayalam,service,device_control,False,3.638793,7,77,True,True,0,0,0.0
346,ഫ്രിഡ്ജ് റിപ്പയർ വേണം,Malayalam,service,service,True,3.324490,6,79,True,True,0,0,0.0
347,ഫാൻ ബ്ലേഡ് തകരാറായി,Malayalam,service,device_control,False,3.644252,5,77,True,True,0,0,0.0
348,ടിവി ശബ്ദം ഇല്ല,Malayalam,service,device_control,False,2.912909,4,77,True,True,0,0,0.0
349,ലൈറ്റ് ഫ്യൂസ് ആയി,Malayalam,service,device_control,False,3.395385,5,77,True,True,0,0,0.0
350,വാഷിംഗ് മെഷീൻ ഡ്രം ശബ്ദം ഉണ്ടാക്കുന്നു,Malayalam,service,service,True,3.422730,10,83,True,True,0,0,0.0
351,എസി ഓൺ ആകുന്നില്ല,Malayalam,service,device_control,False,2.872901,5,77,True,True,0,0,0.0
352,ഫ്രിഡ്ജ് ഐസ് ഉണ്ടാക്കുന്നില്ല,Malayalam,service,service,True,2.434583,8,81,True,True,0,0,0.0
353,കൂളർ ഫാൻ പ്രവർത്തിക്കുന്നില്ല,Malayalam,service,device_control,False,3.606445,8,77,True,True,0,0,0.0
354,മൈക്രോവേവ് പ്ലേറ്റ് തിരിയുന്നില്ല,Malayalam,service,service,True,3.548173,9,82,True,True,0,0,0.0
355,ഡിഷ്‌വാഷർ സ്റ്റാർട്ട് ആകുന്നില്ല,Malayalam,service,service,True,2.172930,8,82,True,True,0,0,0.0
356,സർവീസ് റിക്വസ്റ്റ് രജിസ്റ്റർ ചെയ്യൂ,Malayalam,service,service,True,2.533475,9,83,True,True,0,0,0.0
357,റിപ്പയർ റിക്വസ്റ്റ് സബ്മിറ്റ് ചെയ്യണം,Malayalam,service,service,True,3.445469,10,83,True,True,0,0,0.0
358,എസി സർവീസ് ചാർജ് എത്രയാണ്,Malayalam,service,device_control,False,3.009206,7,77,True,True,0,0,0.0
359,ഫ്രിഡ്ജ് സർവീസ് എപ്പോൾ ചെയ്യും,Malayalam,service,service,True,1.976129,8,81,True,True,0,0,0.0
360,ടെക്നീഷ്യൻ കോൺടാക്ട് തരൂ,Malayalam,service,service,True,3.105720,6,80,True,True,0,0,0.0
361,സർവീസ് ഹിസ്റ്ററി കാണിക്കൂ,Malayalam,service,service,True,2.967475,7,80,True,True,0,0,0.0
362,എസി റീപയർ ചെലവ് എത്ര,Malayalam,service,device_control,False,2.316963,5,77,True,True,0,0,0.0
363,ഫാൻ റിപ്പയർ വേണം,Malayalam,service,device_control,False,2.374571,4,77,True,True,0,0,0.0
364,ടിവി സർവീസ് വേണം,Malayalam,service,device_control,False,2.778586,4,77,True,True,0,0,0.0
365,ലൈറ്റ് മാറ്റണം,Malayalam,service,device_control,False,2.093026,4,76,True,True,0,0,0.0
366,വാഷിംഗ് മെഷീൻ ഭാഗം മാറ്റണം,Malayalam,service,service,True,3.539343,7,80,True,True,0,0,0.0
367,എസി കംപ്രസർ പ്രശ്നം ഉണ്ട്,Malayalam,service,device_control,False,3.272280,7,77,True,True,0,0,0.0
368,ഫ്രിഡ്ജ് കംപ്രസർ പ്രവർത്തിക്കുന്നില്ല,Malayalam,service,service,True,2.350129,10,83,True,True,0,0,0.0
369,കൂളർ പമ്പ് പ്രവർത്തിക്കുന്നില്ല,Malayalam,service,device_control,False,2.506577,8,77,True,True,0,0,0.0
370,മൈക്രോവേവ് ഹീറ്റിംഗ് എലമെന്റ് പ്രശ്നം,Malayalam,service,service,True,1.851531,10,83,True,True,0,0,0.0
371,ഡിഷ്‌വാഷർ ഫിൽറ്റർ ക്ലീൻ ചെയ്യണം,Malayalam,service,service,True,3.347667,8,82,True,True,0,0,0.0
372,സർവീസ് സെന്റർ എവിടെയാണ്,Malayalam,service,out_of_scope,False,2.545719,6,76,True,True,0,0,0.0
373,എസി സർവീസ് സെന്റർ പറയൂ,Malayalam,service,out_of_scope,False,2.673213,6,76,True,True,0,0,0.0
374,ഫ്രിഡ്ജ് സർവീസ് സെന്റർ പറയൂ,Malayalam,service,out_of_scope,False,2.269565,7,76,True,True,0,0,0.0
375,ടെക്നീഷ്യൻ വേഗം അയക്കൂ,Malayalam,service,service,True,2.879990,6,79,True,True,0,0,0.0
376,സർവീസ് അടിയന്തരമാണ്,Malayalam,service,service,True,3.103388,5,78,True,True,0,0,0.0
377,എസി സർവീസ് ബുക്ക് ചെയ്തു,Malayalam,service,device_control,False,3.151908,6,77,True,True,0,0,0.0
378,റിപ്പയർ പൂർത്തിയായോ,Malayalam,service,service,True,1.925282,5,78,True,True,0,0,0.0
379,ഫാൻ സർവീസ് ചെയ്യൂ,Malayalam,service,device_control,False,2.133205,5,77,True,True,0,0,0.0
380,ടിവി ഇൻസ്റ്റലേഷൻ വേണം,Malayalam,service,device_control,False,3.011509,6,77,True,True,0,0,0.0
381,ലൈറ്റ് ഫിറ്റിംഗ് വേണം,Malayalam,service,device_control,False,1.988113,6,77,True,True,0,0,0.0
382,വാഷിംഗ് മെഷീൻ ഇൻസ്റ്റാൾ ചെയ്യണം,Malayalam,service,service,True,2.226034,8,82,True,True,0,0,0.0
383,എസി ഇൻസ്റ്റാൾ ചെയ്തിട്ടില്ല,Malayalam,service,device_control,False,3.230744,7,77,True,True,0,0,0.0
384,ഫ്രിഡ്ജ് ഡെലിവറി വൈകി,Malayalam,service,service,True,3.395399,6,79,True,True,0,0,0.0
385,സർവീസ് എക്സിക്യൂട്ടീവ് ബന്ധപ്പെടൂ,Malayalam,service,service,True,3.400804,9,82,True,True,0,0,0.0
386,റിപ്പയർ അപ്ഡേറ്റ് തരൂ,Malayalam,service,service,True,2.698972,6,79,True,True,0,0,0.0
387,എസി സർവീസ് ഡിലേ ആയി,Malayalam,service,device_control,False,2.530270,5,77,True,True,0,0,0.0
388,ടെക്നീഷ്യൻ എത്തിയില്ല,Malayalam,service,service,True,2.169483,6,79,True,True,0,0,0.0
389,സർവീസ് ഫീഡ്ബാക്ക് നൽകണം,Malayalam,service,service,True,2.193819,6,80,True,True,0,0,0.0
390,20 മിനിറ്റിന് ശേഷം ഫാൻ ഓൺ ചെയ്യൂ,Malayalam,automations,automations,True,3.734587,8,85,True,True,0,0,0.0
391,10 മിനിറ്റിന് ശേഷം ലൈറ്റ് ഓഫ് ചെയ്യൂ,Malayalam,automations,automations,True,2.568538,9,86,True,True,0,0,0.0
392,30 മിനിറ്റിന് ശേഷം എസി ഓൺ ചെയ്യൂ,Malayalam,automations,automations,True,3.249460,8,85,True,True,0,0,0.0
393,1 മണിക്കൂറിന് ശേഷം എസി ഓഫ് ചെയ്യൂ,Malayalam,automations,automations,True,3.691091,9,85,True,True,0,0,0.0
394,രാത്രി 10 മണിക്ക് ഫാൻ ഓൺ ആക്കൂ,Malayalam,automations,automations,True,2.127095,8,85,True,True,0,0,0.0
395,രാവിലെ 6 മണിക്ക് ലൈറ്റ് ഓൺ ആക്കൂ,Malayalam,automations,automations,True,3.476076,8,85,True,True,0,0,0.0
396,വൈകുന്നേരം 7 മണിക്ക് ലൈറ്റ് ഓൺ ചെയ്യൂ,Malayalam,automations,automations,True,3.118176,10,86,True,True,0,0,0.0
397,രാത്രി 11 മണിക്ക് ലൈറ്റ് ഓഫ് ചെയ്യൂ,Malayalam,automations,automations,True,2.656261,9,86,True,True,0,0,0.0
398,പ്രതിദിനം രാവിലെ ഫാൻ ഓൺ ചെയ്യൂ,Malayalam,automations,automations,True,2.002161,8,84,True,True,0,0,0.0
399,പ്രതിദിനം രാത്രി ഫാൻ ഓഫ് ചെയ്യൂ,Malayalam,automations,automations,True,3.518695,8,84,True,True,0,0,0.0
400,ഞാൻ വീട്ടിലെത്തുമ്പോൾ ലൈറ്റ് ഓൺ ചെയ്യൂ,Malayalam,automations,device_control,False,2.939121,10,77,True,True,0,0,0.0
401,ഞാൻ പുറത്തുപോകുമ്പോൾ എല്ലാം ഓഫ് ചെയ്യൂ,Malayalam,automations,automations,True,2.744924,10,86,True,True,0,0,0.0
402,താപനില 30 കടന്നാൽ എസി ഓൺ ചെയ്യൂ,Malayalam,automations,automations,True,3.471928,8,85,True,True,0,0,0.0
403,റൂം തണുത്താൽ എസി ഓഫ് ചെയ്യൂ,Malayalam,automations,device_control,False,2.259399,7,77,True,True,0,0,0.0
404,റൂം ചൂടായാൽ ഫാൻ ഓൺ ചെയ്യൂ,Malayalam,automations,device_control,False,3.196409,7,77,True,True,0,0,0.0
405,2 മണിക്കൂറിന് ശേഷം ഫാൻ ഓഫ് ചെയ്യൂ,Malayalam,automations,automations,True,3.405648,9,85,True,True,0,0,0.0
406,15 മിനിറ്റിന് ശേഷം എസി ഓഫ് ചെയ്യൂ,Malayalam,automations,automations,True,3.242629,9,86,True,True,0,0,0.0
407,45 മിനിറ്റിന് ശേഷം ലൈറ്റ് ഓഫ് ചെയ്യൂ,Malayalam,automations,automations,True,3.250299,9,86,True,True,0,0,0.0
408,പ്രതിദിനം 9 മണിക്ക് എസി ഓൺ ചെയ്യൂ,Malayalam,automations,automations,True,2.369246,9,85,True,True,0,0,0.0
409,പ്രതിദിനം 6 മണിക്ക് എസി ഓഫ് ചെയ്യൂ,Malayalam,automations,automations,True,2.004800,9,86,True,True,0,0,0.0
410,രാവിലെ 5 മണിക്ക് അലാർം ഓൺ ചെയ്യൂ,Malayalam,automations,automations,True,2.567607,8,85,True,True,0,0,0.0
411,രാത്രി 12 മണിക്ക് എല്ലാ ലൈറ്റുകളും ഓഫ് ചെയ്യൂ,Malayalam,automations,automations,True,2.028997,12,89,True,True,0,0,0.0
412,വൈകുന്നേരം 6 മണിക്ക് ഗാർഡൻ ലൈറ്റ് ഓൺ ചെയ്യൂ,Malayalam,automations,automations,True,3.410670,11,88,True,True,0,0,0.0
413,സൂര്യൻ അസ്തമിക്കുമ്പോൾ ലൈറ്റ് ഓൺ ചെയ്യൂ,Malayalam,automations,device_control,False,2.169999,10,77,True,True,0,0,0.0
414,സൂര്യോദയത്തിൽ ലൈറ്റ് ഓഫ് ചെയ്യൂ,Malayalam,automations,device_control,False,2.118672,8,77,True,True,0,0,0.0
415,ഞാൻ ഉറങ്ങുമ്പോൾ ലൈറ്റ് ഡിം ചെയ്യൂ,Malayalam,automations,device_control,False,1.907202,9,77,True,True,0,0,0.0
416,ഞാൻ എഴുന്നേൽക്കുമ്പോൾ ലൈറ്റ് ഓൺ ചെയ്യൂ,Malayalam,automations,device_control,False,3.435653,10,77,True,True,0,0,0.0
417,പ്രതിവാരം ഞായറാഴ്ച എസി സർവീസ് റിമൈൻഡർ കൊടുക്കൂ,Malayalam,automations,device_control,False,3.160680,12,77,True,True,0,0,0.0
418,പ്രതിദിനം 8 മണിക്ക് ടിവി ഓൺ ചെയ്യൂ,Malayalam,automations,automations,True,3.711229,9,86,True,True,0,0,0.0
419,30 മിനിറ്റിന് ശേഷം ടിവി ഓഫ് ചെയ്യൂ,Malayalam,automations,automations,True,3.163798,9,86,True,True,0,0,0.0
420,1 മണിക്കൂറിന് ശേഷം കൂളർ ഓഫ് ചെയ്യൂ,Malayalam,automations,automations,True,1.927945,9,86,True,True,0,0,0.0
421,താപനില 25ൽ താഴെയായാൽ എസി ഓഫ് ചെയ്യൂ,Malayalam,automations,automations,True,2.034826,9,85,True,True,0,0,0.0
422,താപനില 28 കഴിഞ്ഞാൽ എസി ഓൺ ചെയ്യൂ,Malayalam,automations,automations,True,2.557284,8,85,True,True,0,0,0.0
423,പ്രതിദിനം രാത്രി 9 മണിക്ക് ഫാൻ സ്പീഡ് കുറയ്ക്കൂ,Malayalam,automations,automations,True,2.102760,12,89,True,True,0,0,0.0
424,പ്രതിദിനം രാവിലെ 7 മണിക്ക് ഫാൻ സ്പീഡ് കൂട്ടൂ,Malayalam,automations,automations,True,3.628493,11,88,True,True,0,0,0.0
425,20 മിനിറ്റിന് ശേഷം ലൈറ്റ് ഡിം ചെയ്യൂ,Malayalam,automations,automations,True,2.056873,9,86,True,True,0,0,0.0
426,1 മണിക്കൂറിന് ശേഷം എല്ലാ ഉപകരണങ്ങളും ഓഫ് ചെയ്യൂ,Malayalam,automations,automations,True,3.646702,12,89,True,True,0,0,0.0
427,പ്രതിദിനം 10 മണിക്ക് ലൈറ്റ് ഓഫ് ചെയ്യൂ,Malayalam,automations,automations,True,2.845247,10,87,True,True,0,0,0.0
428,പ്രതിദിനം 5 മണിക്ക് ലൈറ്റ് ഓൺ ചെയ്യൂ,Malayalam,automations,automations,True,2.138553,9,86,True,True,0,0,0.0
429,ഞാൻ മുറിയിൽ പ്രവേശിക്കുമ്പോൾ ലൈറ്റ് ഓൺ ചെയ്യൂ,Malayalam,automations,device_control,False,1.908680,12,77,True,True,0,0,0.0
430,ഞാൻ മുറി വിടുമ്പോൾ ലൈറ്റ് ഓഫ് ചെയ്യൂ,Malayalam,automations,device_control,False,2.655044,9,77,True,True,0,0,0.0
431,ഡോർ തുറക്കുമ്പോൾ ലൈറ്റ് ഓൺ ചെയ്യൂ,Malayalam,automations,device_control,False,3.199819,9,77,True,True,0,0,0.0
432,ഡോർ അടയ്ക്കുമ്പോൾ ലൈറ്റ് ഓഫ് ചെയ്യൂ,Malayalam,automations,device_control,False,3.395519,9,77,True,True,0,0,0.0
433,2 മണിക്കൂറിന് ശേഷം എസി ടെംപറേച്ചർ 24 ആക്കൂ,Malayalam,automations,automations,True,2.531477,11,88,True,True,0,0,0.0
434,1 മണിക്കൂറിന് ശേഷം ഫാൻ സ്പീഡ് 2 ആക്കൂ,Malayalam,automations,automations,True,1.877897,10,86,True,True,0,0,0.0
435,30 മിനിറ്റിന് ശേഷം ഫാൻ സ്പീഡ് 1 ആക്കൂ,Malayalam,automations,automations,True,2.184524,10,87,True,True,0,0,0.0
436,രാത്രി 11 മണിക്ക് എസി സ്ലീപ്പ് മോഡ് ഓൺ ചെയ്യൂ,Malayalam,automations,automations,True,2.416930,12,89,True,True,0,0,0.0
437,രാവിലെ 6 മണിക്ക് എസി സ്ലീപ്പ് മോഡ് ഓഫ് ചെയ്യൂ,Malayalam,automations,automations,True,3.628919,12,88,True,True,0,0,0.0
438,പ്രതിദിനം 8 മണിക്ക് ഹീറ്റർ ഓൺ ചെയ്യൂ,Malayalam,automations,automations,True,2.167886,9,86,True,True,0,0,0.0
439,പ്രതിദിനം 10 മണിക്ക് ഹീറ്റർ ഓഫ് ചെയ്യൂ,Malayalam,automations,automations,True,3.384280,10,87,True,True,0,0,0.0
440,15 മിനിറ്റിന് ശേഷം കിച്ചൻ ലൈറ്റ് ഓഫ് ചെയ്യൂ,Malayalam,automations,automations,True,3.693046,11,88,True,True,0,0,0.0
441,45 മിനിറ്റിന് ശേഷം ബെഡ്റൂം ഫാൻ ഓഫ് ചെയ്യൂ,Malayalam,automations,automations,True,2.529362,11,88,True,True,0,0,0.0
442,1 മണിക്കൂറിന് ശേഷം ബാത്ത്റൂം ലൈറ്റ് ഓഫ് ചെയ്യൂ,Malayalam,automations,automations,True,3.049308,12,89,True,True,0,0,0.0
443,പ്രതിദിനം 7 മണിക്ക് കിച്ചൻ ലൈറ്റ് ഓൺ ചെയ്യൂ,Malayalam,automations,automations,True,2.507839,11,88,True,True,0,0,0.0
444,പ്രതിദിനം 11 മണിക്ക് കിച്ചൻ ലൈറ്റ് ഓഫ് ചെയ്യൂ,Malayalam,automations,automations,True,3.423489,12,89,True,True,0,0,0.0
445,ഞാൻ ടിവി ഓൺ ചെയ്യുമ്പോൾ ലൈറ്റ് ഡിം ചെയ്യൂ,Malayalam,automations,device_control,False,2.795021,11,77,True,True,0,0,0.0
446,ഞാൻ ടിവി ഓഫ് ചെയ്യുമ്പോൾ ലൈറ്റ് ബ്രൈറ്റ് ആക്കൂ,Malayalam,automations,device_control,False,3.366715,12,77,True,True,0,0,0.0
447,താപനില ഉയർന്നാൽ കൂളർ ഓൺ ചെയ്യൂ,Malayalam,automations,automations,True,1.871034,8,84,True,True,0,0,0.0
448,താപനില കുറഞ്ഞാൽ കൂളർ ഓഫ് ചെയ്യൂ,Malayalam,automations,automations,True,3.729233,8,84,True,True,0,0,0.0
449,30 മിനിറ്റിന് ശേഷം മൈക്രോവേവ് ഓഫ് ചെയ്യൂ,Malayalam,automations,automations,True,2.475972,10,87,True,True,0,0,0.0
450,1 മണിക്കൂറിന് ശേഷം വാഷിംഗ് മെഷീൻ ഓഫ് ചെയ്യൂ,Malayalam,automations,automations,True,2.957433,11,88,True,True,0,0,0.0
451,പ്രതിദിനം 6 മണിക്ക് കാപ്പി മേക്കർ ഓൺ ചെയ്യൂ,Malayalam,automations,automations,True,2.620664,11,88,True,True,0,0,0.0
452,പ്രതിദിനം 8 മണിക്ക് കാപ്പി മേക്കർ ഓഫ് ചെയ്യൂ,Malayalam,automations,automations,True,3.502235,11,88,True,True,0,0,0.0
453,ഞാൻ വീട്ടിൽ നിന്ന് പുറത്ത് പോകുമ്പോൾ എസി ഓഫ് ചെയ്യൂ,Malayalam,automations,device_control,False,2.941092,13,77,True,True,0,0,0.0
454,ഞാൻ വീട്ടിൽ എത്തുമ്പോൾ എസി ഓൺ ചെയ്യൂ,Malayalam,automations,automations,True,3.391816,9,86,True,True,0,0,0.0
455,20 മിനിറ്റിന് ശേഷം ഗാർഡൻ ലൈറ്റ് ഓഫ് ചെയ്യൂ,Malayalam,automations,automations,True,3.073210,11,88,True,True,0,0,0.0
456,സൂര്യൻ അസ്തമിക്കുമ്പോൾ ഗാർഡൻ ലൈറ്റ് ഓൺ ചെയ്യൂ,Malayalam,automations,device_control,False,2.676764,12,77,True,True,0,0,0.0
457,സൂര്യോദയത്തിൽ ഗാർഡൻ ലൈറ്റ് ഓഫ് ചെയ്യൂ,Malayalam,automations,device_control,False,1.832919,10,77,True,True,0,0,0.0
458,2 മണിക്കൂറിന് ശേഷം ടിവി ഓഫ് ചെയ്യൂ,Malayalam,automations,automations,True,2.009954,9,86,True,True,0,0,0.0
459,പ്രതിദിനം 9 മണിക്ക് ടിവി ഓഫ് ചെയ്യൂ,Malayalam,automations,automations,True,2.998150,9,86,True,True,0,0,0.0
460,പ്രതിദിനം 7 മണിക്ക് ടിവി ഓൺ ചെയ്യൂ,Malayalam,automations,automations,True,2.830049,9,86,True,True,0,0,0.0
461,രാത്രി 10 മണിക്ക് എല്ലാ ഉപകരണങ്ങളും ഓഫ് ചെയ്യൂ,Malayalam,automations,automations,True,2.032694,12,89,True,True,0,0,0.0
462,രാവിലെ 6 മണിക്ക് എല്ലാ ഉപകരണങ്ങളും ഓൺ ചെയ്യൂ,Malayalam,automations,automations,True,2.669881,11,88,True,True,0,0,0.0
463,30 മിനിറ്റിന് ശേഷം എസി ഫാൻ മോഡിലേക്ക് മാറ്റൂ,Malayalam,automations,automations,True,2.213377,11,88,True,True,0,0,0.0
464,1 മണിക്കൂറിന് ശേഷം എസി കൂൾ മോഡിലേക്ക് മാറ്റൂ,Malayalam,automations,automations,True,1.816057,11,88,True,True,0,0,0.0
465,പ്രതിദിനം 8 മണിക്ക് ഫാൻ ഓൺ ചെയ്യൂ,Malayalam,automations,automations,True,3.691648,9,85,True,True,0,0,0.0
466,പ്രതിദിനം 11 മണിക്ക് ഫാൻ ഓഫ് ചെയ്യൂ,Malayalam,automations,automations,True,2.545658,9,86,True,True,0,0,0.0
467,15 മിനിറ്റിന് ശേഷം ലൈറ്റ് ഓഫ് ചെയ്യൂ,Malayalam,automations,automations,True,2.110598,9,86,True,True,0,0,0.0
468,45 മിനിറ്റിന് ശേഷം എസി ഓഫ് ചെയ്യൂ,Malayalam,automations,automations,True,3.581085,9,86,True,True,0,0,0.0
469,2 മണിക്കൂറിന് ശേഷം ഹീറ്റർ ഓഫ് ചെയ്യൂ,Malayalam,automations,automations,True,3.426045,9,86,True,True,0,0,0.0
470,പ്രതിദിനം 6 മണിക്ക് ഹീറ്റർ ഓൺ ചെയ്യൂ,Malayalam,automations,automations,True,2.229137,9,86,True,True,0,0,0.0
471,പ്രതിദിനം 9 മണിക്ക് ഹീറ്റർ ഓഫ് ചെയ്യൂ,Malayalam,automations,automations,True,2.135835,10,86,True,True,0,0,0.0
472,ഞാൻ ഉറങ്ങുമ്പോൾ എല്ലാ ലൈറ്റുകളും ഓഫ് ചെയ്യൂ,Malayalam,automations,device_control,False,3.149798,11,77,True,True,0,0,0.0
473,ഞാൻ എഴുന്നേൽക്കുമ്പോൾ എല്ലാ ലൈറ്റുകളും ഓൺ ചെയ്യൂ,Malayalam,automations,device_control,False,2.647217,12,77,True,True,0,0,0.0
474,1 മണിക്കൂറിന് ശേഷം ഡിഷ്‌വാഷർ ഓഫ് ചെയ്യൂ,Malayalam,automations,automations,True,3.489136,10,87,True,True,0,0,0.0
475,30 മിനിറ്റിന് ശേഷം ഇൻഡക്ഷൻ സ്റ്റൗവ് ഓഫ് ചെയ്യൂ,Malayalam,automations,automations,True,3.281290,12,89,True,True,0,0,0.0
476,താപനില കൂടുമ്പോൾ ഫാൻ സ്പീഡ് കൂട്ടൂ,Malayalam,automations,automations,True,2.985948,9,85,True,True,0,0,0.0
477,താപനില കുറഞ്ഞാൽ ഫാൻ സ്പീഡ് കുറയ്ക്കൂ,Malayalam,automations,automations,True,2.158300,9,86,True,True,0,0,0.0
478,പ്രതിദിനം 10 മണിക്ക് എസി ഓഫ് ചെയ്യൂ,Malayalam,automations,automations,True,3.375480,9,86,True,True,0,0,0.0
479,പ്രതിദിനം 5 മണിക്ക് എസി ഓൺ ചെയ്യൂ,Malayalam,automations,automations,True,2.643338,9,85,True,True,0,0,0.0
480,20 മിനിറ്റിന് ശേഷം റൂം ലൈറ്റ് ഓഫ് ചെയ്യൂ,Malayalam,automations,automations,True,2.439172,10,87,True,True,0,0,0.0
481,1 മണിക്കൂറിന് ശേഷം റൂം ലൈറ്റ് ഡിം ചെയ്യൂ,Malayalam,automations,automations,True,2.431316,10,87,True,True,0,0,0.0
482,പ്രതിദിനം 7 മണിക്ക് റൂം ലൈറ്റ് ഓൺ ചെയ്യൂ,Malayalam,automations,automations,True,2.024246,10,87,True,True,0,0,0.0
483,പ്രതിദിനം 11 മണിക്ക് റൂം ലൈറ്റ് ഓഫ് ചെയ്യൂ,Malayalam,automations,automations,True,2.032469,11,88,True,True,0,0,0.0
